{"schemaVersion":"1.0","appDefinitionTemplate":{"id":"/providers/Microsoft.PowerApps/apps/","type":"Microsoft.PowerApps/apps","tags":{"primaryDeviceWidth":"640","primaryDeviceHeight":"1136","sienaVersion":"20210310T163924Z-3.21031.26.0","deviceCapabilities":"","supportsPortrait":"true","supportsLandscape":"false","primaryFormFactor":"Phone","publisherVersion":"3.21031.26","appInfoVersion":"1.0.0","minimumRequiredApiVersion":"2.2.0","hasComponent":"false","hasUnlockedComponent":"false","isUnifiedRootApp":"false"},"properties":{"appVersion":"2021-03-10T16:39:24Z","lifeCycleId":"Published","createdByClientVersion":{"major":3,"minor":21031,"build":26,"revision":0,"majorRevision":0,"minorRevision":0},"minClientVersion":{"major":3,"minor":21031,"build":26,"revision":0,"majorRevision":0,"minorRevision":0},"backgroundColor":"rgba(0, 176, 240, 1)","backgroundImageUri":"/5786622489347125542/Nc6cd18c5-4d41-43a3-925c-d5d1ec97e1f5-logoSmallFile","displayName":"App","description":"","commitMessage":"","appUris":{"documentUri":{"value":"/5786622489347125542/Nf33641e5-e68d-4829-b6ae-1aec5dfcd7ee-document.msapp"},"imageUris":[]},"createdTime":"0001-01-01T00:00:00Z","lastModifiedTime":"0001-01-01T00:00:00Z","sharedGroupsCount":0,"sharedUsersCount":0,"icons":{"smallIconUri":"/5786622489347125542/N872a4f9d-456f-4e00-9434-dc569e628da5-small.png","mediumIconUri":"/5786622489347125542/N8e00d526-559c-4df1-bf41-2154c4f10eca-medium.png","largeIconUri":"/5786622489347125542/N3d492647-2240-4791-a340-2d430e794f38-large.png","wideIconUri":"/5786622489347125542/N3ea8e65a-7192-468d-9841-b9d806869311-wide.png"},"connectionReferences":{"7e1fff6d-202a-40bd-9114-5b5b1bb5057d":{"id":"9008b1ef-68f7-416c-b640-2fbb5902b6b8","displayName":"Excel","iconUri":"https://connectoricons-prod.azureedge.net/releases/v1.0.1440/1.0.1440.2331/excel/icon.png","dataSources":["Table1"],"dependencies":["750e044f-db82-49f1-b563-585167547a39"],"dependents":[],"parameterHints":{"fileSource":{"value":"750e044f-db82-49f1-b563-585167547a39"}},"isOnPremiseConnection":false,"dataSets":{"b!kqJWM7zJfkqFJgVsBjp_U5d2wvwVwx1FlAU8kL3nhJLbOeHZdUU9RKg-gPCL4Kbt.01QT2OJYNAKPSU475IQNDIKZQUZ2IW3GFU":{"dataSources":{"Table1":{"tableName":"Table1"}}}},"apiTier":"Standard","isCustomApiConnection":false},"750e044f-db82-49f1-b563-585167547a39":{"id":"57f6af1b-730c-4767-909f-55b8fc5c619b","displayName":"OneDrive for Business","iconUri":"https://connectoricons-prod.azureedge.net/releases/v1.0.1439/1.0.1439.2325/onedriveforbusiness/icon.png","dataSources":[],"dependencies":[],"dependents":["7e1fff6d-202a-40bd-9114-5b5b1bb5057d"],"parameterHints":{},"isOnPremiseConnection":false,"dataSets":{},"apiTier":"Standard","isCustomApiConnection":false}},"databaseReferences":{},"almMode":"Environment","performanceOptimizationEnabled":true,"canConsumeAppPass":true,"executionRestrictions":{"isTeamsOnly":false,"dataLossPreventionEvaluationResult":{"status":"Compliant","lastEvaluationDate":"2021-03-10T16:39:34.8626508Z","violationDetails":[]}}},"isAppComponentLibrary":false,"appType":"ClassicCanvasApp","appComponents":[]}}