{"schemaVersion":"1.0","appDefinitionTemplate":{"id":"/providers/Microsoft.PowerApps/apps/","type":"Microsoft.PowerApps/apps","tags":{"primaryDeviceWidth":"640","primaryDeviceHeight":"1136","sienaVersion":"20210517T133507Z-3.21051.17.0","deviceCapabilities":"","supportsPortrait":"true","supportsLandscape":"false","primaryFormFactor":"Phone","publisherVersion":"3.21051.17","minimumRequiredApiVersion":"2.2.0","hasComponent":"false","hasUnlockedComponent":"false","isUnifiedRootApp":"false"},"properties":{"appVersion":"2021-05-17T13:35:07Z","lifeCycleId":"Published","createdByClientVersion":{"major":3,"minor":21051,"build":17,"revision":0,"majorRevision":0,"minorRevision":0},"minClientVersion":{"major":3,"minor":21051,"build":17,"revision":0,"majorRevision":0,"minorRevision":0},"backgroundColor":"rgba(0, 176, 240, 1)","backgroundImageUri":"/16447841172179709434/N902dd258-7357-4794-8efc-8695989b5d63-logoSmallFile","displayName":"DemoBlue","description":"","commitMessage":"","appUris":{"documentUri":{"value":"/16447841172179709434/Naf2c01f5-65b9-401c-a566-2f3055c06460-document.msapp"},"imageUris":[]},"createdTime":"0001-01-01T00:00:00Z","lastModifiedTime":"0001-01-01T00:00:00Z","sharedGroupsCount":0,"sharedUsersCount":0,"icons":{"smallIconUri":"/16447841172179709434/N737801f5-d779-4869-a2d8-6ee980e7e250-small.png","mediumIconUri":"/16447841172179709434/Nc5765c01-5b01-46a5-94c2-783f6d96e9bb-medium.png","largeIconUri":"/16447841172179709434/Nfd097e09-c245-494c-9670-e01b9cbe89c2-large.png","wideIconUri":"/16447841172179709434/N53a28195-819e-4b0f-9674-5ba38449b44a-wide.png"},"connectionReferences":{"365c2636-68d5-42a2-821b-d49ea1513dae":{"id":"507a3b60-98a2-4210-9db4-3b7a6ad50827","displayName":"Excel","iconUri":"https://connectoricons-prod.azureedge.net/releases/v1.0.1463/1.0.1463.2403/excel/icon.png","dataSources":["Table1"],"dependencies":["d5e0176a-a25c-4eb9-ba43-99d937dfed9c"],"dependents":[],"parameterHints":{"d5e0176a-a25c-4eb9-ba43-99d937dfed9c":{"value":"fileSource"}},"isOnPremiseConnection":false,"dataSets":{"b!C4Ug_ghqwEiNAbLAfqXVrg9UjzwPcctFoPC9jIGOgSARvVqxH9ZyR4a8PFIwfpYc.01S7IVGKJPRCLFIVOWBRGKWVOCJL7G6772":{"dataSources":{"Table1":{"tableName":"Table1"}}}},"apiTier":"Standard","isCustomApiConnection":false},"d5e0176a-a25c-4eb9-ba43-99d937dfed9c":{"id":"0ba73c0a-4e89-466c-becc-35999a92526b","displayName":"OneDrive for Business","iconUri":"https://connectoricons-prod.azureedge.net/releases/v1.0.1464/1.0.1464.2404/onedriveforbusiness/icon.png","dataSources":[],"dependencies":[],"dependents":["365c2636-68d5-42a2-821b-d49ea1513dae"],"parameterHints":{},"isOnPremiseConnection":false,"dataSets":{},"apiTier":"Standard","isCustomApiConnection":false}},"databaseReferences":{},"almMode":"Environment","performanceOptimizationEnabled":true,"canConsumeAppPass":true,"executionRestrictions":{"isTeamsOnly":false,"dataLossPreventionEvaluationResult":{"status":"Compliant","lastEvaluationDate":"2021-05-17T13:35:17.5367011Z","violations":[],"violationsByPolicy":[],"violationErrorMessage":"The app uses the following connectors: shared_excel, shared_onedriveforbusiness."}}},"isAppComponentLibrary":false,"appType":"ClassicCanvasApp","appComponents":[]}}