{"schemaVersion":"1.0","appDefinitionTemplate":{"id":"/providers/Microsoft.PowerApps/apps/","type":"Microsoft.PowerApps/apps","tags":{"primaryDeviceWidth":"640","primaryDeviceHeight":"1136","sienaVersion":"20200717T110219Z-3.20071.22.0","deviceCapabilities":"","supportsPortrait":"true","supportsLandscape":"false","primaryFormFactor":"Phone","publisherVersion":"3.20071.22","minimumRequiredApiVersion":"2.2.0","hasComponent":"false","hasUnlockedComponent":"false","isUnifiedRootApp":"false"},"properties":{"appVersion":"2020-07-17T11:02:19Z","lifeCycleId":"Published","createdByClientVersion":{"major":3,"minor":20071,"build":22,"revision":0,"majorRevision":0,"minorRevision":0},"minClientVersion":{"major":3,"minor":20071,"build":22,"revision":0,"majorRevision":0,"minorRevision":0},"backgroundColor":"rgba(0, 176, 240, 1)","backgroundImageUri":"/9365240564751507364/Nd6e5b050-d568-493d-9dfa-a2df7294a145-logoSmallFile","displayName":"Covid-19 Cases","description":"","commitMessage":"","appUris":{"documentUri":{"value":"/9365240564751507364/N367653a1-544f-48fc-bc4c-dd132b86ba3d-document.msapp"},"imageUris":[]},"createdTime":"0001-01-01T00:00:00Z","lastModifiedTime":"0001-01-01T00:00:00Z","sharedGroupsCount":0,"sharedUsersCount":0,"icons":{"smallIconUri":"/9365240564751507364/N8572de9e-b51c-427f-83eb-19614519d679-small.png","mediumIconUri":"/9365240564751507364/N27d4f094-1322-4b19-9aba-e80a0678feb9-medium.png","largeIconUri":"/9365240564751507364/Na8581ba2-19c0-4746-8335-93d9c4f603d9-large.png","wideIconUri":"/9365240564751507364/N6b80e933-c47e-4017-a0f4-cb878d524663-wide.png"},"connectionReferences":{"43c07cb7-6b22-4176-8c9b-d56b841a6517":{"id":"ae3789c3-31ba-4023-bf7b-b4b7018fc08b","displayName":"Excel","iconUri":"https://connectoricons-prod.azureedge.net/excel/icon_1.0.1352.2012.png","dataSources":["Table2"],"dependencies":["43929cdd-edee-4723-b8bc-9fd23c85e9c5"],"dependents":[],"parameterHints":{"43929cdd-edee-4723-b8bc-9fd23c85e9c5":{"value":"fileSource"}},"isOnPremiseConnection":false,"dataSets":{"b!0DVryCjmW0uygGcguC2PzV-NZu34SJhBvZttIA7ODpCia6tBXco_S4mC8j0jexit.017UG276MPCBDP6WXT5FDLCJLPT3676VS4":{"dataSources":{"Table2":{"tableName":"Table2"}}}},"apiTier":"Standard","isCustomApiConnection":false},"43929cdd-edee-4723-b8bc-9fd23c85e9c5":{"id":"a8cfc3dd-665c-4270-bc01-46d3ca98c56e","displayName":"OneDrive for Business","iconUri":"https://connectoricons-prod.azureedge.net/onedriveforbusiness/icon_1.0.1341.1987.png","dataSources":[],"dependencies":[],"dependents":["43c07cb7-6b22-4176-8c9b-d56b841a6517"],"parameterHints":{},"isOnPremiseConnection":false,"dataSets":{},"apiTier":"Standard","isCustomApiConnection":false}},"authorizationReferences":[{"resourceId":"powerbi"}],"databaseReferences":{},"almMode":"Environment","performanceOptimizationEnabled":true,"canConsumeAppPass":true,"executionRestrictions":{"isTeamsOnly":false,"dataLossPreventionEvaluationResult":{"status":"Compliant","lastEvaluationDate":"2020-10-28T01:24:29.0374972Z","violationDetails":[]}}},"isAppComponentLibrary":false,"appType":"ClassicCanvasApp","appComponents":[]}}